'id','nome','idade','profissao','cidade','salario'
100,'Maria',27,'Analista Fiscal','Salvador',1558
101,'Joao Pedro',39,'Ator','Belem',5667
102,'Jose',48,'Carteiro','Salvador',7612
103,'Carlos',24,'Professor','Porto Alegre',2451
104,'Karina',51,'Programador','Salvador',3522
105,'Jonathan',36,'Medico','Rio de Janeiro',9874
106,'Roberto',55,'Medico','Recife',2231
107,'Thais',36,'Policial','Joao Pessoa',2263
108,'Ivanildo',43,'Designer','Salvador',6983
109,'Ruan',28,'Programador','Sao Paulo',8769
