'id','nome','idade','profissao','cidade','salario'
110,'Tiago',33,'Professor','Natal',1558
111,'Mauricio',23,'Motorista','Maceio',5667
112,'Fernanda',42,'Cientista de Dados','Salvador',7612
113,'Lais',25,'Programador','Vitoria',2451
114,'Isa',48,'Enfermeiro','Curitiba',3522
115,'Marcia',31,'Medico','Rio de Janeiro',9874
116,'Nadja',60,'Designer','Sao Luis',2231
117,'Maciel',19,'Professor','Fortaleza',2263
118,'Jean',32,'Motorista','Campo Grande',6983
119,'Sandro',23,'Corretor','Cuiaba',2100
